G村,A村,1
G村,C山,2
G村,F村,1
C山,A村,1
F村,A村,1
C山,F村,1
F森,D山,1
D山,D村,1
D山,E村,1
F森,D村,1
F森,E村,1
D村,E村,1
A坂,A木,1
A木,A山,2
B森,A木,1
F木,A木,1
A坂,A山,1
A坂,B森,1
A坂,F木,1
B森,A山,1
F木,A山,1
B森,F木,1
A森,G山,2
G山,C村,1
G山,E山,1
A森,C村,2
A森,E山,1
E山,C村,2
D坂,B木,1
D坂,G木,1
D坂,E森,1
G木,B木,2
E森,B木,1
E森,G木,1
E坂,B坂,1
E坂,E木,1
E坂,C坂,3
E木,B坂,1
B坂,C坂,2
E木,C坂,1
G森,D森,1
C森,D森,1
B村,D森,1
F坂,D森,2
C森,G森,1
G森,B村,2
F坂,G森,1
C森,B村,1
C森,F坂,2
F坂,B村,1
B山,G坂,1
F山,G坂,1
D木,G坂,2
C木,G坂,1
F山,B山,1
D木,B山,1
B山,C木,1
F山,D木,1
F山,C木,1
D木,C木,1
B山,F坂,1
B山,D森,1
B山,E山,2
F坂,E山,1
E山,D森,1
E木,C木,2
E木,G木,1
E木,F木,2
C木,G木,1
C木,F木,1
F木,G木,2
F森,C村,1
B木,C村,2
C森,C村,1
F村,C村,2
F森,B木,1
C森,F森,1
F森,F村,1
C森,B木,1
F村,B木,1
C森,F村,2
A森,C山,1
D村,C山,1
A森,G村,1
A森,D村,1
G村,D村,1
D山,G森,1
F山,G森,1
G森,A村,1
F山,D山,1
D山,A村,1
F山,A村,1
E森,A山,2
A木,E森,1
G坂,E森,1
G坂,A山,1
G坂,A木,1
A坂,E村,1
D坂,E村,2
E坂,E村,1
E村,C坂,1
A坂,D坂,1
A坂,E坂,1
A坂,C坂,1
E坂,D坂,2
D坂,C坂,1
G山,B村,2
B坂,B村,1
B森,B村,1
D木,B村,1
B坂,G山,1
B森,G山,1
D木,G山,1
B森,B坂,1
D木,B坂,2
D木,B森,2
F山,D坂,1
D坂,G村,1
F山,G村,1
F山,E村,1
G村,E村,2
B森,G坂,1
F森,G坂,1
D木,F森,2
F森,B森,1
D村,B坂,1
B坂,G木,1
B坂,A山,1
B坂,B木,1
D村,G木,1
D村,A山,1
D村,B木,1
G木,A山,1
B木,A山,1
G森,C坂,1
E森,C坂,1
E坂,G森,1
E坂,E森,1
G森,E森,1
F坂,C木,2
F坂,A村,1
C木,A村,1
C森,C木,1
C森,A村,1
A坂,C山,1
A坂,D山,1
A坂,D森,1
D山,C山,1
C山,D森,1
D山,D森,1
A森,B村,1
A森,E木,1
A森,F木,1
E木,B村,1
F木,B村,2
E木,G山,1
G山,F木,1
E山,F村,2
E山,A木,1
B山,F村,1
F村,A木,1
B山,C村,1
A木,C村,1
B山,A木,1
D村,G山,1
G山,A村,1
A坂,G山,1
D村,A村,1
A坂,D村,1
A坂,A村,1
D山,F坂,1
E木,D山,1
D山,C木,1
E木,F坂,1
D木,C山,1
D木,C坂,1
F森,C山,1
C山,C坂,1
B坂,C山,1
F森,C坂,1
F森,B坂,1
E坂,D森,1
E坂,A木,1
A木,D森,1
D坂,D森,1
D坂,A木,1
G坂,E山,1
C森,G坂,1
G坂,F村,1
C森,E山,1
G木,B村,1
G森,G木,1
G森,F木,1
A森,F山,1
A森,B森,1
A森,B木,1
F山,C村,1
F山,B森,1
F山,B木,1
B森,C村,1
B森,B木,1
B山,A山,1
E村,A山,1
G村,A山,1
B山,E森,1
E村,E森,1
G村,E森,1
B山,E村,1
B山,G村,1
